"sequence","asset","duration","avg_entry","cost","payout","pnl","trade_count","won"
"1","btc","5m","0.8","1.0","1.25","0.25","1","True"
"2","btc","5m","0.98","1.0094","1.03","0.02059999999999995","1","True"
"3","btc","5m","0.92","1.0028","1.09","0.08720000000000017","1","True"
"4","btc","5m","0.96","1.008","1.05","0.04200000000000004","1","True"
"5","btc","5m","0.93","0.9951","1.07","0.07490000000000008","1","True"
"6","btc","5m","0.92","1.0028","1.09","0.08720000000000017","1","True"
"7","btc","5m","0.96","2.0064","2.09","0.08359999999999967","1","True"
"8","btc","5m","0.96","2.0064","2.09","0.08359999999999967","1","True"
"9","btc","5m","0.95","2.0045","2.11","0.1054999999999997","1","True"
"10","btc","5m","0.91","1.9656","2.16","0.19440000000000013","1","True"
"11","btc","5m","0.98","1.9992","2.04","0.04079999999999995","1","True"
"12","btc","5m","0.76","1.978947","0.0","-1.978947","1","False"
"13","btc","5m","0.31","2.0026","6.46","4.4574","1","True"
"14","btc","5m","0.98","1.9992","2.04","0.04079999999999995","1","True"
"15","btc","5m","0.97","1.9982","2.06","0.06180000000000008","1","True"
"16","btc","5m","0.95","2.0045","2.11","0.1054999999999997","1","True"
"17","btc","5m","0.95","2.0045","2.11","0.1054999999999997","1","True"
"18","btc","5m","0.98","1.9992","2.04","0.04079999999999995","1","True"
"19","btc","5m","0.97","1.9982","2.06","0.06180000000000008","1","True"
"20","btc","5m","0.97","1.9982","2.06","0.06180000000000008","1","True"
"21","btc","5m","0.98","1.9992","2.04","0.04079999999999995","1","True"
"22","btc","5m","0.97","1.9982","2.06","0.06180000000000008","1","True"
"23","btc","5m","0.96","2.0064","2.09","0.08359999999999967","1","True"
"24","btc","5m","0.97","1.9982","2.06","0.06180000000000008","1","True"
"25","btc","5m","0.95","2.0045","2.11","0.1054999999999997","1","True"
"26","btc","5m","0.96","1.9776","2.06","0.08240000000000003","1","True"
"27","btc","5m","0.97","1.9982","2.06","0.06180000000000008","1","True"
"28","btc","5m","0.97","1.9982","2.06","0.06180000000000008","1","True"
"29","btc","5m","0.85","1.751","2.06","0.30900000000000016","1","True"
"30","btc","5m","0.96","1.9776","2.06","0.08240000000000003","1","True"
"31","btc","5m","0.66","0.99","0.0","-0.99","1","False"
"32","btc","5m","0.69","1.0005","0.0","-1.0005","1","False"
"33","btc","5m","0.95","2.0045","2.11","0.1054999999999997","1","True"
"34","btc","5m","0.43","0.9374","2.18","1.2426000000000001","1","True"
"35","btc","5m","0.93","2.0088","2.16","0.15120000000000022","1","True"
"36","btc","5m","0.97","1.9982","2.06","0.06180000000000008","1","True"
"37","btc","5m","0.94","1.9646","2.09","0.12539999999999996","1","True"
"38","btc","5m","0.92","1.8952","2.06","0.16480000000000006","1","True"
"39","btc","5m","0.97","1.9982","2.06","0.06180000000000008","1","True"
"40","btc","5m","0.55","1.001","1.82","0.8190000000000002","1","True"
"41","btc","5m","0.97","1.9982","2.06","0.06180000000000008","1","True"
"42","btc","5m","0.67","1.005","1.5","0.4950000000000001","1","True"
"43","btc","5m","0.57","2.0007","3.51","1.5092999999999996","1","True"
"44","btc","5m","0.71","1.0011","0.0","-1.0011","1","False"
"45","btc","5m","0.96","2.0064","2.09","0.08359999999999967","1","True"
"46","btc","5m","0.8","2.0","2.5","0.5","1","True"
"47","btc","5m","0.97","1.9982","2.06","0.06180000000000008","1","True"
"48","btc","5m","0.97","3.007","3.1","0.09299999999999997","1","True"
"49","btc","5m","0.97","3.007","3.1","0.09299999999999997","1","True"
"50","btc","5m","0.96","3.0048","3.13","0.12519999999999998","1","True"
"51","btc","5m","0.95","2.9735","3.13","0.15649999999999986","1","True"
"52","btc","5m","0.92","2.9072","3.16","0.25280000000000014","1","True"
"53","btc","5m","0.88","2.8424","3.23","0.38759999999999994","1","True"
"54","btc","5m","0.52","0.8528","1.64","0.7871999999999999","1","True"
"55","btc","5m","0.97","5.0052","5.16","0.15479999999999983","1","True"
"56","btc","5m","0.89","4.9484","5.56","0.6115999999999993","1","True"
"57","btc","5m","0.97","5.0052","5.16","0.15479999999999983","1","True"
"58","btc","5m","0.1207364341","0.623","5.16","4.537","1","True"
"59","btc","5m","0.95","5.0065","5.27","0.2634999999999996","1","True"
"60","btc","5m","0.94","5.0008","5.32","0.3192000000000004","1","True"
"61","btc","5m","0.94","5.0008","5.32","0.3192000000000004","1","True"
"62","btc","5m","0.96","5.0016","5.21","0.20840000000000014","1","True"
"63","btc","5m","0.94","4.9538","5.27","0.31619999999999937","1","True"
"64","btc","5m","0.8","6.003998999999999","6.988569999999999","0.9845709999999999","2","True"
"65","btc","5m","0.95","5.0065","5.27","0.2634999999999996","1","True"
"66","btc","5m","0.4723686496","5.9504","28.7875","22.8371","2","True"
"67","btc","5m","0.6799998912","0.999999","0.0","-0.999999","1","False"
"68","btc","5m","0.6799998912","0.999999","1.470587","0.4705880000000001","1","True"
"69","btc","5m","0.0325203252","1.0","0.0","-1.0","1","False"
"70","btc","5m","0.96","3.0048","3.13","0.12519999999999998","1","True"
"71","btc","5m","0.97","3.007","3.1","0.09299999999999997","1","True"
"72","btc","5m","0.95","2.9735","3.13","0.15649999999999986","1","True"
"73","btc","5m","0.95","3.002","3.16","0.15800000000000036","1","True"
"74","btc","5m","0.5599998432","0.999999","0.0","-0.999999","1","False"
"75","btc","5m","0.5","1.0","2.0","1.0","1","True"
"76","btc","5m","0.7","0.999999","1.42857","0.4285709999999999","1","True"
"77","btc","5m","0.96","3.0048","3.13","0.12519999999999998","1","True"
"78","btc","5m","0.97","3.007","3.1","0.09299999999999997","1","True"
"79","btc","5m","0.97","3.007","3.1","0.09299999999999997","1","True"
"80","btc","5m","0.01","1.0","0.0","-1.0","1","False"
"81","btc","5m","0.55","0.999999","0.0","-0.999999","1","False"
"82","btc","5m","0.96","3.0048","3.13","0.12519999999999998","1","True"
"83","btc","5m","0.4699998778","0.999999","0.0","-0.999999","1","False"
"84","btc","5m","0.4199998236","0.999999","2.380951","1.3809520000000002","1","True"
"85","btc","5m","0.0476190476","1.0","0.0","-1.0","1","False"
"86","btc","5m","0.3499998775","0.999999","2.857141","1.857142","1","True"
"87","btc","5m","0.7099999432","0.999998","1.408448","0.40844999999999987","1","True"
"88","btc","5m","0.5249999496000001","3.882999","0.0","-3.882999","2","False"
"89","btc","5m","0.96","2.976","3.1","0.12400000000000011","1","True"
"90","btc","5m","0.22999989875000001","1.9999989999999999","0.0","-1.9999989999999999","2","False"
"91","btc","5m","0.22499990320000002","1.9999989999999999","0.0","-1.9999989999999999","2","False"
"92","btc","5m","0.429999828","0.999999","0.0","-0.999999","1","False"
"93","btc","5m","0.95","3.002","3.16","0.15800000000000036","1","True"
"94","btc","5m","0.54","0.999999","0.0","-0.999999","1","False"
"95","btc","5m","0.5299998781","0.999999","1.886791","0.8867920000000001","1","True"
"96","btc","5m","0.54","0.999999","0.0","-0.999999","1","False"
"97","btc","5m","0.5299998781","0.999999","0.0","-0.999999","1","False"
"98","btc","5m","0.7599999793","4.004599","5.069274","1.0646750000000003","2","True"
"99","btc","5m","0.089999919","0.999999","0.0","-0.999999","1","False"
"100","btc","5m","0.6799998804","4.005999","0.0","-4.005999","2","False"
"101","btc","5m","0.7","0.999999","0.0","-0.999999","1","False"
"102","btc","5m","0.3799999012","0.999999","0.0","-0.999999","1","False"
"103","btc","5m","0.6099998597","0.999999","0.0","-0.999999","1","False"
"104","btc","5m","0.52","0.999999","0.0","-0.999999","1","False"
"105","btc","5m","0.7","0.999999","0.0","-0.999999","1","False"
"106","btc","5m","0.719999856","0.999997","1.388885","0.3888879999999999","1","True"
"107","btc","5m","0.4499997975","0.999999","0.0","-0.999999","1","False"
"108","btc","5m","0.29999996706666665","2.999999","0.0","-2.999999","3","False"
"109","btc","5m","0.2699998542","0.999999","0.0","-0.999999","1","False"
"110","btc","5m","0.579999826","0.999998","1.724135","0.7241369999999999","1","True"
"111","btc","5m","0.09","0.9486","0.0","-0.9486","2","False"
"112","btc","5m","0.16","0.8432","0.0","-0.8432","1","False"
"113","btc","5m","0.095","2.0011","0.0","-2.0011","2","False"
"114","btc","5m","0.15500000000000003","2.0023","0.0","-2.0023","2","False"
"115","btc","5m","0.18","2.0016","11.12","9.1184","2","True"
"116","btc","5m","0.17","2.0012999999999996","0.0","-2.0012999999999996","3","False"
"117","btc","5m","0.1","1.6896","0.0","-1.6896","2","False"
"118","btc","5m","0.06","1.4","0.0","-1.4","2","False"
"119","btc","5m","0.08","1.7999999999999998","22.5","20.7","4","True"
"120","btc","5m","0.095","1.2673","0.0","-1.2673","2","False"
"121","btc","5m","0.05333333333333334","1.6672","31.119999999999997","29.452799999999996","3","True"
"122","btc","5m","0.035","0.3689","0.0","-0.3689","2","False"
"123","btc","5m","0.15000000506666666","2.000117","0.0","-2.000117","3","False"
"124","btc","5m","0.15000002145","1.0004110000000002","0.0","-1.0004110000000002","2","False"
"125","btc","5m","0.16","1.0","0.0","-1.0","2","False"
"126","btc","5m","0.15","0.8835","0.0","-0.8835","1","False"
"127","btc","5m","0.18333334269999998","2.001529","0.0","-2.001529","3","False"
"128","btc","5m","0.19","1.0013","5.27","4.268699999999999","1","True"
"129","btc","5m","0.17","1.0013","5.89","4.8887","2","True"
"130","btc","5m","0.065","2.0","32.5","30.5","4","True"
"131","btc","5m","0.09","1.1178","0.0","-1.1178","2","False"
"132","eth","5m","0.65","1.001","0.0","-1.001","1","False"
"133","eth","5m","0.79","1.0033","1.27","0.26669999999999994","1","True"
"134","btc","5m","0.175","1.8445","0.0","-1.8445","2","False"
"135","eth","5m","0.72","0.9","0.0","-0.9","1","False"
"136","btc","5m","0.1","0.9993329999999999","0.0","-0.9993329999999999","2","False"
"137","btc","5m","0.09","2.0016","0.0","-2.0016","2","False"
"138","eth","5m","0.78","1.0062","0.0","-1.0062","1","False"
"139","btc","5m","0.11","1.001","0.0","-1.001","3","False"
"140","eth","5m","0.8","1.0","1.25","0.25","1","True"
"141","eth","5m","0.79","1.0033","0.0","-1.0033","1","False"
"142","btc","5m","0.19","1.0013","0.0","-1.0013","1","False"
"143","btc","5m","0.14","1.5219999999999998","0.0","-1.5219999999999998","2","False"
"144","eth","5m","0.605","1.9799","1.25","-0.7299","2","True"
"145","btc","5m","0.14666666666666667","4.0023","0.0","-4.0023","3","False"
"146","eth","5m","0.8","1.0","1.25","0.25","1","True"
"147","btc","5m","0.18","2.0016","0.0","-2.0016","2","False"
"148","eth","5m","0.77","0.9779","1.27","0.2921","1","True"
"149","btc","5m","0.15500000000000003","1.683","0.0","-1.683","2","False"
"150","btc","5m","0.14","1.001","0.0","-1.001","1","False"
"151","btc","5m","0.15666666913333335","1.832857","11.802855999999998","9.969998999999998","3","True"
"152","btc","5m","0.19000000000000003","2.0007","0.0","-2.0007","3","False"
"153","eth","5m","0.62","0.9858","0.0","-0.9858","1","False"
"154","eth","5m","0.58","1.0034","0.0","-1.0034","1","False"
"155","eth","5m","0.61","1.0004","0.0","-1.0004","1","False"
"156","eth","5m","0.65","1.001","0.0","-1.001","1","False"
"157","eth","5m","0.52","1.0036","0.0","-1.0036","1","False"
"158","eth","5m","0.5","0.945","1.89","0.945","1","True"
"159","eth","5m","0.53","0.9646","0.0","-0.9646","1","False"
"160","eth","5m","0.55","1.001","1.82","0.8190000000000002","1","True"
"161","eth","5m","0.55","1.001","1.82","0.8190000000000002","1","True"
"162","eth","5m","0.53","1.0017","1.89","0.8882999999999999","1","True"
"163","eth","5m","0.5","0.91","1.82","0.91","1","True"
"164","eth","5m","0.45","1.0035","2.23","1.2265","1","True"
"165","eth","5m","0.54","1.0044","0.0","-1.0044","1","False"
"166","eth","5m","0.51","0.9639","0.0","-0.9639","1","False"
"167","eth","5m","0.4","0.892","0.0","-0.892","1","False"
"168","eth","5m","0.49","0.9114","0.0","-0.9114","1","False"
"169","eth","5m","0.52","1.0036","1.93","0.9263999999999999","1","True"
"170","eth","5m","0.5","0.91","0.0","-0.91","1","False"
"171","eth","5m","0.53","1.0017","1.89","0.8882999999999999","1","True"
"172","eth","5m","0.52","1.0036","0.0","-1.0036","1","False"
"173","eth","5m","0.52","0.9828","0.0","-0.9828","1","False"
"174","eth","5m","0.55","1.001","1.82","0.8190000000000002","1","True"
"175","eth","5m","0.7","1.001","1.43","0.42900000000000005","1","True"
"176","eth","5m","0.56","0.84","0.0","-0.84","1","False"
"177","eth","5m","0.5","1.9495","0.0","-1.9495","2","False"
"178","eth","5m","0.49","0.9261","1.89","0.9638999999999999","1","True"
"179","eth","5m","0.54","1.0044","1.86","0.8556000000000001","1","True"
"180","eth","5m","0.52","0.9464","0.0","-0.9464","1","False"
"181","eth","5m","0.5549999999999999","2.0051","3.62","1.6149","2","True"
"182","eth","15m","0.12","0.999927","0.0","-0.999927","2","False"
"183","eth","5m","0.57","0.8436","1.48","0.6364","1","True"
"184","eth","5m","0.52","0.9672","1.86","0.8928000000000001","1","True"
"185","eth","15m","0.9","1.008","1.12","0.1120000000000001","1","True"
"186","eth","5m","0.58","0.9106","1.57","0.6594000000000001","1","True"
"187","eth","15m","0.63","1.0017","1.59","0.5883","1","True"
"188","eth","5m","0.53","0.9646","0.0","-0.9646","1","False"
"189","eth","15m","0.8","1.0","0.0","-1.0","1","False"
"190","btc","5m","0.130000003775","4.001385","0.0","-4.001385","4","False"
"191","eth","5m","0.65","1.001","1.54","0.5390000000000001","1","True"
"192","eth","5m","0.575","1.9849999999999999","3.46","1.475","2","True"
"193","eth","5m","0.51","0.9639","0.0","-0.9639","1","False"
"194","eth","5m","0.53","1.0017","0.0","-1.0017","1","False"
"195","eth","15m","0.75","1.005","0.0","-1.005","1","False"
"196","eth","5m","0.51","0.9843","0.0","-0.9843","1","False"
"197","eth","15m","0.71","1.0011","0.0","-1.0011","1","False"
"198","eth","5m","0.48","1.0032","2.09","1.0867999999999998","1","True"
"199","eth","5m","0.55","1.001","1.82","0.8190000000000002","1","True"
"200","eth","5m","0.55","1.001","0.0","-1.001","1","False"
"201","eth","5m","0.52","1.0036","1.93","0.9263999999999999","1","True"
"202","eth","5m","0.54","1.0044","1.86","0.8556000000000001","1","True"
"203","eth","15m","0.69","0.9867","1.43","0.4432999999999999","1","True"
"204","eth","5m","0.66","1.0032","1.52","0.5167999999999999","1","True"
"205","eth","5m","0.63","1.0017","0.0","-1.0017","1","False"
"206","eth","15m","0.72","1.0008","1.39","0.3892","1","True"
"207","eth","5m","0.69","1.0005","1.45","0.4495","1","True"
"208","eth","15m","0.73","1.0001","0.0","-1.0001","1","False"
"209","eth","5m","0.65","1.001","0.0","-1.001","1","False"
"210","eth","15m","0.74","1.0064","1.36","0.35360000000000014","1","True"
"211","eth","5m","0.54","1.0044","0.0","-1.0044","1","False"
"212","eth","5m","0.55","1.001","1.82","0.8190000000000002","1","True"
"213","eth","5m","0.51","1.0047","0.0","-1.0047","1","False"
"214","eth","5m","0.51","0.9282","0.0","-0.9282","1","False"
"215","eth","5m","0.52","1.0036","0.0","-1.0036","1","False"
"216","eth","5m","0.51","0.9639","1.89","0.9260999999999999","1","True"
"217","eth","5m","0.55","1.001","0.0","-1.001","1","False"
"218","eth","5m","0.55","1.001","1.82","0.8190000000000002","1","True"
"219","eth","5m","0.55","1.001","0.0","-1.001","1","False"
"220","eth","5m","0.34","1.003","2.95","1.9470000000000003","1","True"
"221","eth","5m","0.33","1.0032","3.04","2.0368","1","True"
"222","btc","5m","0.1500000386","0.388234","2.588226","2.199992","2","True"
"223","eth","5m","0.41","0.82","0.0","-0.82","1","False"
"224","eth","5m","0.46","1.0028","2.18","1.1772000000000002","1","True"
"225","eth","5m","0.46","1.0028","0.0","-1.0028","1","False"
"226","btc","5m","0.18666666666666668","6.003","0.0","-6.003","3","False"
"227","eth","5m","0.47","1.0011","0.0","-1.0011","1","False"
"228","eth","5m","0.47","1.0011","0.0","-1.0011","1","False"
"229","eth","5m","0.5","1.0","0.0","-1.0","1","False"
"230","eth","5m","0.5","1.0","2.0","1.0","1","True"
"231","eth","5m","0.43","1.0019","0.0","-1.0019","1","False"
"232","eth","5m","0.48","1.0032","0.0","-1.0032","1","False"
"233","eth","5m","0.5","1.0","0.0","-1.0","1","False"
"234","eth","5m","0.48","1.0032","2.09","1.0867999999999998","1","True"
"235","eth","5m","0.5","1.0","2.0","1.0","1","True"
"236","btc","5m","0.14285715691428572","3.576963","0.0","-3.576963","7","False"
"237","btc","5m","0.05000000000000001","2.4586","0.0","-2.4586","3","False"
"238","btc","5m","0.15666666943333332","1.462433","9.333331000000001","7.870898000000001","3","True"
"239","eth","5m","0.33","1.05159","0.0","-1.05159","1","False"
"240","eth","5m","0.46","1.04178","0.0","-1.04178","1","False"
"241","eth","5m","0.51","0.96094","1.82","0.85906","1","True"
"242","btc","5m","0.72","1.00628","1.37","0.36372000000000004","1","True"
"243","eth","5m","0.41","0.85483","2.0","1.14517","1","True"
"244","eth","5m","0.43","0.83262","0.0","-0.83262","1","False"
"245","eth","5m","0.55","1.03343","1.82","0.78657","1","True"
"246","eth","5m","0.43","1.04301","0.0","-1.04301","1","False"
"247","eth","5m","0.36","1.04691","0.0","-1.04691","1","False"
"248","btc","5m","0.79","1.01846","0.0","-1.01846","1","False"
"249","btc","5m","0.07666666666666666","3.001","0.0","-3.001","3","False"
"250","btc","5m","0.164","3.06178","0.0","-3.06178","5","False"
"251","btc","5m","0.195","2.0013","0.0","-2.0013","2","False"
"252","btc","5m","0.195","2.0013","0.0","-2.0013","2","False"
"253","btc","5m","0.13","2.1467300000000002","0.0","-2.1467300000000002","3","False"
"254","btc","5m","0.18","1.0008","0.0","-1.0008","1","False"
"255","btc","5m","0.19","1.0013","0.0","-1.0013","1","False"
"256","btc","5m","0.043333333333333335","2.0","0.0","-2.0","3","False"
"257","btc","5m","0.08","1.0","12.5","11.5","2","True"
"258","btc","5m","0.8","1.0144","1.25","0.23560000000000003","1","True"
"259","eth","5m","0.69","4.002","5.8","1.798","1","True"
"260","btc","5m","0.68","1.02958","1.48","0.45042000000000004","1","True"
"261","btc","5m","0.17000007455","1.0240960000000001","6.024094","4.999998","2","True"
"262","eth","5m","0.27000005315","3.890958","14.410955","10.519997","2","True"
"263","btc","5m","0.16333333333333333","2.0018","0.0","-2.0018","3","False"
"264","btc","5m","0.14","2.002","14.3","12.298000000000002","2","True"
"265","btc","5m","0.17","1.0013","0.0","-1.0013","1","False"
"266","btc","5m","0.44","1.02076","2.23","1.20924","1","True"
"267","btc","5m","0.59","1.0326","0.0","-1.0326","1","False"
"268","eth","5m","0.53","3.5033","6.61","3.1067000000000005","1","True"
"269","btc","5m","0.47","1.0393","2.13","1.0907","1","True"
"270","btc","5m","0.155","2.0004999999999997","0.0","-2.0004999999999997","2","False"
"271","eth","5m","0.47","3.5015","0.0","-3.5015","2","False"
"272","btc","5m","0.61","1.02849","0.0","-1.02849","1","False"
"273","btc","5m","0.05","2.0351980000000003","0.0","-2.0351980000000003","9","False"
"274","eth","5m","0.53","3.5033","0.0","-3.5033","1","False"
"275","btc","5m","0.66","1.02775","1.52","0.4922500000000001","1","True"
"276","btc","5m","0.77","1.00974","1.29","0.28025999999999995","1","True"
"277","eth","5m","0.39","2.54455","0.0","-2.54455","1","False"
"278","btc","5m","0.79","1.01846","1.27","0.2515400000000001","1","True"
"279","btc","5m","0.17","2.0026","0.0","-2.0026","2","False"
"280","eth","5m","0.41","3.64586","8.53","4.8841399999999995","1","True"
"281","btc","5m","0.13250374815","1.38138","0.0","-1.38138","2","False"
"282","eth","5m","0.63","3.59611","0.0","-3.59611","1","False"
"283","eth","5m","0.56","3.5","6.25","2.75","1","True"
"284","eth","5m","0.3628571429","3.32065","0.0","-3.32065","1","False"
"285","btc","5m","0.79","1.00243","1.25","0.24757000000000007","1","True"
"286","btc","5m","0.14","2.0015","0.0","-2.0015","2","False"
"287","btc","5m","0.17","1.0013","0.0","-1.0013","1","False"
"288","btc","5m","0.67","1.02887","0.0","-1.02887","1","False"
"289","btc","5m","0.13400001416","2.001767","0.0","-2.001767","5","False"
"290","btc","5m","0.75","1.02309","1.34","0.31691","1","True"
"291","btc","5m","0.72","0.98425","1.34","0.3557500000000001","1","True"
"292","btc","5m","0.3233333333333333","2.1584700000000003","1.5","-0.6584700000000003","3","True"
"293","btc","5m","0.12","1.0008","8.34","7.3392","1","True"
"294","btc","5m","0.12","2.0016","0.0","-2.0016","2","False"
"295","btc","5m","0.8","1.0144","1.25","0.23560000000000003","1","True"
"296","btc","5m","0.13","1.001","0.0","-1.001","1","False"
"297","btc","5m","0.08750000422500001","2.0005319999999998","0.0","-2.0005319999999998","4","False"
"298","btc","5m","0.15","1.0005","0.0","-1.0005","1","False"
"299","btc","5m","0.11","2.0002","0.0","-2.0002","2","False"
"300","btc","5m","0.132","0.87655","6.25","5.37345","1","True"
"301","btc","5m","0.19","1.0054","0.0","-1.0054","1","False"
"302","btc","5m","0.11000000466666666","1.000864","0.0","-1.000864","3","False"
"303","btc","5m","0.2","1.0","0.0","-1.0","1","False"
"304","btc","5m","0.68","1.02958","0.0","-1.02958","1","False"
"305","btc","5m","0.44","2.02623","8.51","6.48377","2","True"
"306","btc","5m","0.18","0.9","5.0","4.1","1","True"
"307","btc","5m","0.09","1.0008","11.120000000000001","10.119200000000001","2","True"
"308","btc","5m","0.65","1.02622","0.0","-1.02622","1","False"
"309","btc","5m","0.04","0.7671","19.1775","18.4104","2","True"
"310","btc","5m","0.09","0.0792","0.88","0.8008","1","True"
"311","btc","5m","0.7","0.99401","0.0","-0.99401","1","False"
"312","btc","5m","0.40499999999999997","1.14398","2.9000000000000004","1.7560200000000004","2","True"
"313","btc","5m","0.26","0.5477","2.0","1.4523000000000001","1","True"
"314","btc","5m","0.46","1.04178","2.18","1.1382200000000002","1","True"
"315","btc","5m","0.67","0.98086","0.0","-0.98086","1","False"
"316","btc","5m","0.04","1.2384","30.96","29.721600000000002","1","True"
"317","btc","5m","0.09","3.0006000000000004","33.34","30.339400000000005","2","True"
"318","btc","5m","0.04","1.0","0.0","-1.0","1","False"
"319","btc","5m","0.06","0.71235","0.0","-0.71235","1","False"
"320","btc","5m","0.19","1.0013","0.0","-1.0013","2","False"
"321","btc","5m","0.09","0.890109","9.8901","8.999991","1","True"
"322","btc","5m","0.17","4.05993","0.0","-4.05993","2","False"
"323","btc","5m","0.18","3.0006","16.67","13.669400000000001","1","True"
"324","btc","5m","0.16","0.008","0.05","0.042","1","True"
"325","btc","5m","0.175","3.6804900000000003","0.0","-3.6804900000000003","2","False"
"326","btc","5m","0.11","3.1895300000000004","0.0","-3.1895300000000004","2","False"
"327","btc","5m","0.19","1.05969","0.0","-1.05969","1","False"
"328","btc","5m","0.16","3.998552","0.0","-3.998552","3","False"
"329","btc","5m","0.17000000585000002","0.99964","0.0","-0.99964","2","False"
"330","btc","5m","0.10150349650000001","3.6668600000000002","0.0","-3.6668600000000002","2","False"
"331","btc","5m","0.135","3.0016","0.0","-3.0016","2","False"
"332","btc","5m","0.16","1.0","6.25","5.25","1","True"
"333","btc","5m","0.02","2.999214","0.0","-2.999214","7","False"
"334","btc","5m","0.14","1.001","7.15","6.149000000000001","1","True"
"335","btc","5m","0.05","2.2559199999999997","0.0","-2.2559199999999997","2","False"
"336","btc","5m","0.11","3.0019","27.29","24.2881","2","True"
"337","btc","5m","0.105","2.21567","0.0","-2.21567","2","False"
"338","btc","5m","0.1800000164","0.219512","1.219511","0.999999","1","True"
"339","btc","5m","0.14","3.000753","0.0","-3.000753","3","False"
"340","btc","5m","0.1500000087","0.999352","0.0","-0.999352","2","False"
"341","btc","5m","0.13","3.0017","0.0","-3.0017","2","False"
"342","btc","5m","0.04","3.0","0.0","-3.0","2","False"
"343","btc","5m","0.18","0.189","1.05","0.861","1","True"
"344","btc","5m","0.16666666666666666","1.468328","8.808925","7.340597000000001","3","True"
"345","btc","5m","0.15000000432","6.0032879999999995","0.0","-6.0032879999999995","5","False"
"346","btc","5m","0.16999999999999998","2.5931","15.27","12.6769","2","True"
"347","btc","5m","0.095","0.052166000000000004","1.11165","1.059484","2","True"
"348","btc","5m","0.0333333336","2.000073","0.0","-2.000073","3","False"
"349","btc","5m","0.12846155721538463","11.887711999999999","0.0","-11.887711999999999","13","False"
"350","btc","5m","0.13","2.6038699999999997","0.0","-2.6038699999999997","3","False"
"351","btc","5m","0.135","1.84718","0.0","-1.84718","2","False"
"352","btc","5m","0.0662500193875","4.382880999999999","0.0","-4.382880999999999","16","False"
"353","btc","5m","0.175000047475","0.5916859999999999","0.0","-0.5916859999999999","4","False"
"354","btc","5m","0.14","6.0038","0.0","-6.0038","6","False"
"355","btc","5m","0.15","1.0005","0.0","-1.0005","1","False"
"356","btc","5m","0.3699998858","2.0906979999999997","5.409352999999999","3.3186549999999997","2","True"
"357","btc","5m","0.01","2.14256","0.0","-2.14256","2","False"
"358","btc","5m","0.16","1.0","6.25","5.25","1","True"
"359","btc","5m","0.18499999999999997","9.0073","0.0","-9.0073","6","False"
"360","btc","5m","0.01","4.28512","0.0","-4.28512","4","False"
"361","btc","5m","0.17","1.89886","0.0","-1.89886","2","False"
"362","btc","5m","0.19","2.0609900000000003","10.54","8.479009999999999","2","True"
"363","btc","5m","0.1700000082","0.999927","0.0","-0.999927","2","False"
"364","btc","5m","0.12000001173333334","1.0003630000000001","0.0","-1.0003630000000001","3","False"
"365","btc","5m","0.13550359709999998","1.59899","0.0","-1.59899","2","False"
"366","btc","5m","0.16","1.0","6.25","5.25","1","True"
"367","btc","5m","0.15","1.6181400000000001","0.0","-1.6181400000000001","2","False"
"368","btc","5m","0.15","1.98974","0.0","-1.98974","2","False"
"369","btc","5m","0.18","1.0008","0.0","-1.0008","1","False"
"370","btc","5m","0.1250000073","2.0614489999999996","0.0","-2.0614489999999996","4","False"
"371","btc","5m","0.13","2.002","0.0","-2.002","2","False"
"372","btc","5m","0.06","1.0002","0.0","-1.0002","1","False"
"373","btc","5m","0.4099998237","1.042469","0.0","-1.042469","1","False"
"374","btc","5m","0.095","1.26485","0.0","-1.26485","2","False"
"375","btc","5m","0.066250004375","8.001284","0.0","-8.001284","8","False"
"376","btc","5m","0.3899998479","1.043909","2.564101","1.520192","1","True"
"377","btc","5m","0.26","0.94479","0.0","-0.94479","1","False"
"378","btc","5m","0.41999982584999995","2.083498","0.0","-2.083498","2","False"
"379","btc","5m","0.32333328263333333","3.0449089999999996","9.464101","6.419192","3","True"
"380","btc","5m","0.01","4.28512","0.0","-4.28512","3","False"
"381","btc","5m","0.02","2.0","0.0","-2.0","2","False"
"382","btc","5m","0.25","0.97758","0.0","-0.97758","1","False"
"383","btc","5m","0.19000000949999998","2.0010280000000003","10.531725999999999","8.530698","3","True"
"384","btc","5m","0.22","1.05721","0.0","-1.05721","1","False"
"385","btc","5m","0.20000001826","3.8271290000000002","0.0","-3.8271290000000002","5","False"
"386","btc","5m","0.32","1.04896","3.125","2.07604","1","True"
"387","btc","5m","0.4499997975","1.039589","0.0","-1.039589","1","False"
"388","btc","5m","0.2849999506","2.045929","0.0","-2.045929","2","False"
"389","btc","5m","0.16","1.0","0.0","-1.0","1","False"
"390","btc","5m","0.334999969725","4.112636","0.0","-4.112636","4","False"
"391","btc","5m","0.16","1.0","6.25","5.25","2","True"
"392","btc","5m","0.19","3.0039","0.0","-3.0039","7","False"
"393","btc","5m","0.1","1.0","0.0","-1.0","1","False"
"394","btc","5m","0.06875","2.69435","0.0","-2.69435","4","False"
"395","btc","5m","0.3199998804","3.078538","0.0","-3.078538","4","False"
"396","btc","5m","0.4","2.0864","0.0","-2.0864","2","False"
"397","btc","5m","0.04","1.9997829999999999","0.0","-1.9997829999999999","4","False"
"398","btc","5m","0.14","1.001","0.0","-1.001","1","False"
"399","btc","5m","0.33999983","2.095018","0.0","-2.095018","2","False"
"400","btc","5m","0.3299997822","1.048229","3.030302","1.9820729999999998","1","True"
"401","btc","5m","0.2699999136","1.678029","2.083332","0.40530299999999997","2","True"
"402","btc","5m","0.4799998688","4.149727","8.333328999999999","4.183601999999999","3","True"
"403","btc","5m","0.32333323006666664","4.092278","13.529225","9.436947","3","True"
"404","btc","5m","0.47333318","4.146967","0.0","-4.146967","3","False"
"405","btc","5m","0.4498649954","2.077009","4.445776","2.3687670000000005","1","True"
"406","btc","5m","0.1925","4.8919","0.0","-4.8919","4","False"
"407","btc","5m","0.33999983","2.092378","0.0","-2.092378","2","False"
"408","btc","5m","0.4399998382","2.078378","4.604915999999999","2.5265379999999995","2","True"
"409","btc","5m","0.24","1.01107","0.0","-1.01107","1","False"
"410","btc","5m","0.135","1.82625","0.0","-1.82625","2","False"
"411","btc","5m","0.3899998479","1.042689","0.0","-1.042689","1","False"
"412","btc","5m","0.4799998272","1.036389","2.083332","1.046943","1","True"
"413","btc","5m","0.152","5.002999999999999","0.0","-5.002999999999999","5","False"
"414","btc","5m","0.21000012494285714","5.002922","0.0","-5.002922","7","False"
"415","btc","5m","0.4399998064","1.039189","0.0","-1.039189","1","False"
"416","btc","5m","0.5","1.035","2.0","0.9650000000000001","1","True"
"417","btc","5m","0.1599999778","4.778149","0.0","-4.778149","4","False"
"418","btc","5m","0.13857142857142857","4.913676000000001","0.0","-4.913676000000001","7","False"
"419","btc","5m","0.25166664461666666","5.159511","0.0","-5.159511","6","False"
"420","btc","5m","0.11","1.001","9.1","8.099","1","True"
"421","btc","5m","0.3799999012","1.043389","0.0","-1.043389","1","False"
"422","btc","5m","0.18400002192","3.8317759999999996","0.0","-3.8317759999999996","5","False"
"423","btc","5m","0.17","1.0013","5.89","4.8887","1","True"
"424","btc","5m","0.14","1.001","0.0","-1.001","1","False"
"425","btc","5m","0.13","1.001","7.7","6.699","1","True"
"426","btc","5m","0.19","1.0013","5.27","4.268699999999999","1","True"
"427","btc","5m","0.09","0.87117","0.0","-0.87117","1","False"
"428","btc","5m","0.05","0.28102","0.0","-0.28102","1","False"
"429","btc","5m","0.19","5.0046","0.0","-5.0046","5","False"
"430","btc","5m","0.4799998272","1.036389","2.083332","1.046943","1","True"
"431","btc","5m","0.19","1.0013","0.0","-1.0013","2","False"
"432","btc","5m","0.01","4.0","0.0","-4.0","3","False"
"433","btc","5m","0.24","1.05404","0.0","-1.05404","1","False"
"434","btc","5m","0.37666659306666667","4.109288","6.2499970000000005","2.140709","3","True"
"435","btc","5m","0.1233333374","2.001775","0.0","-2.001775","3","False"
"436","btc","5m","0.4599997608","1.037789","0.0","-1.037789","1","False"
"437","btc","5m","0.25","0.90778","0.0","-0.90778","1","False"
"438","btc","5m","0.28","3.05492","0.0","-3.05492","2","False"
"439","btc","5m","0.12000000000000001","3.0006","0.0","-3.0006","2","False"
"440","btc","5m","0.46999988485","3.111278","6.382975999999999","3.2716979999999993","2","True"
"441","btc","5m","0.4799998272","1.036389","0.0","-1.036389","1","False"
"442","btc","5m","0.2","1.0","0.0","-1.0","1","False"
"443","btc","5m","0.19","3.0005","0.0","-3.0005","2","False"
"444","btc","5m","0.26400003138","2.8343879999999997","0.0","-2.8343879999999997","5","False"
"445","btc","5m","0.19","3.0020000000000002","15.799999999999999","12.797999999999998","2","True"
"446","btc","5m","0.29","1.05022","3.45","2.3997800000000002","1","True"
"447","btc","5m","0.2","0.9166","0.0","-0.9166","1","False"
"448","btc","5m","0.21500000000000002","3.0024999999999995","0.0","-3.0024999999999995","2","False"
"449","btc","5m","0.275","1.87643","0.0","-1.87643","2","False"
"450","btc","5m","0.25666662256666667","3.057289","11.911903","8.854614000000002","3","True"
"451","btc","5m","0.16499999999999998","2.45526","13.1","10.644739999999999","2","True"
"452","btc","5m","0.2699999556","3.147659","0.0","-3.147659","2","False"
"453","btc","5m","0.18","1.0008","5.56","4.5592","1","True"
"454","btc","5m","0.38999986935","3.1280780000000004","7.692305","4.564227","2","True"
"455","btc","5m","0.245","2.97771","12.27","9.29229","2","True"
"456","btc","5m","0.384999896","3.128778","0.0","-3.128778","2","False"
"457","btc","5m","0.34999993","2.090989","0.0","-2.090989","1","False"
"458","btc","5m","0.4799998272","1.036389","2.083332","1.046943","1","True"
"459","btc","5m","0.3499998775","1.045489","0.0","-1.045489","1","False"
"460","btc","5m","0.4399998064","1.039189","0.0","-1.039189","1","False"
"461","btc","5m","0.21","0.79337","0.0","-0.79337","1","False"
"462","btc","5m","0.08","0.77488","0.0","-0.77488","1","False"
"463","btc","5m","0.02","1.0","0.0","-1.0","1","False"
"464","btc","5m","0.4799998272","1.036389","0.0","-1.036389","1","False"
"465","btc","5m","0.43499988765","3.122478","7.303971000000001","4.181493000000001","2","True"
"466","btc","5m","0.2","1.0","0.0","-1.0","2","False"
"467","btc","5m","0.2599999032","3.039189","2.272726","-0.7664629999999999","2","True"
"468","btc","5m","0.4799998272","1.036389","0.0","-1.036389","1","False"
"469","btc","5m","0.095","3.12274","0.0","-3.12274","2","False"
"470","btc","5m","0.14","1.001","0.0","-1.001","1","False"
"471","btc","5m","0.13","1.001","0.0","-1.001","1","False"
"472","btc","5m","0.4499997975","1.038489","0.0","-1.038489","1","False"
"473","btc","5m","0.2","0.8807","0.0","-0.8807","1","False"
"474","btc","5m","0.3799999012","1.043389","0.0","-1.043389","1","False"
"475","btc","5m","0.35999989655","3.135078","0.0","-3.135078","2","False"
"476","btc","5m","0.3649999156","3.134378","0.0","-3.134378","2","False"
"477","btc","5m","0.19","3.0020000000000002","0.0","-3.0020000000000002","2","False"
"478","btc","5m","0.43999991120000004","3.119678","0.0","-3.119678","2","False"
"479","btc","5m","0.12","1.0008","0.0","-1.0008","1","False"
"480","btc","5m","0.379999924","3.130178","0.0","-3.130178","2","False"
"481","btc","5m","0.19","3.0020000000000002","0.0","-3.0020000000000002","2","False"
"482","btc","5m","0.14","1.001","0.0","-1.001","1","False"
"483","btc","5m","0.150000031475","3.000652","0.0","-3.000652","4","False"
"484","btc","5m","0.110000050275","0.9980450000000001","9.073134","8.075089","4","True"
"485","btc","5m","0.3699999086","3.131578","8.040932","4.9093539999999996","2","True"
"486","btc","5m","0.3249999506","3.044089","10.041577","6.997488000000001","2","True"
"487","btc","5m","0.5","2.07","4.0","1.9300000000000002","1","True"
"488","btc","5m","0.28","2.002","0.0","-2.002","1","False"
"489","btc","5m","0.3699998631","1.044089","0.0","-1.044089","1","False"
"490","btc","5m","0.20500000000000002","2.9992","0.0","-2.9992","2","False"
"491","btc","5m","0.30499993155","2.788179","9.602701","6.814522","2","True"
"492","btc","5m","0.22999999999999998","2.75892","0.0","-2.75892","2","False"
"493","btc","5m","0.4699998778","1.037089","2.127658","1.090569","1","True"
"494","btc","5m","0.3799999012","1.043389","0.0","-1.043389","1","False"
"495","btc","5m","0.28500000000000003","3.0522199999999997","0.0","-3.0522199999999997","2","False"
"496","btc","5m","0.19","1.0013","5.27","4.268699999999999","1","True"
"497","btc","5m","0.3799999012","1.043389","2.631577","1.5881880000000002","1","True"
"498","btc","5m","0.4799998896","3.109178","0.0","-3.109178","2","False"
"499","btc","5m","0.2833333333333333","3.0169900000000003","0.0","-3.0169900000000003","3","False"
"500","btc","5m","0.28","3.0440500000000004","0.0","-3.0440500000000004","2","False"
"501","btc","5m","0.28000006305","2.000911","7.146109999999999","5.145199","2","True"
"502","btc","5m","0.46999988485","3.111278","0.0","-3.111278","2","False"
"503","btc","5m","0.4899998285","1.035689","2.040815","1.0051259999999997","1","True"
"504","btc","5m","0.4099999727","3.123189","0.0","-3.123189","2","False"
"505","btc","5m","0.4399998064","1.039189","0.0","-1.039189","1","False"
"506","btc","5m","0.379999924","3.130178","0.0","-3.130178","2","False"
"507","btc","5m","0.35999997525","3.130009","0.0","-3.130009","2","False"
"508","btc","5m","0.29499992394999996","3.042689","0.0","-3.042689","2","False"
"509","btc","5m","0.4799998272","1.036389","0.0","-1.036389","1","False"
"510","btc","5m","0.19","1.0013","0.0","-1.0013","1","False"
"511","btc","5m","0.19","1.00386","0.0","-1.00386","1","False"
"512","btc","5m","0.48","3.1092","6.25","3.1408","1","True"
"513","btc","5m","0.7299999416","3.056689","4.109588","1.0528989999999996","1","True"
"514","btc","5m","0.46","2.38694","0.0","-2.38694","1","False"
"515","btc","5m","0.8309835428","2.974779","3.537975","0.563196","1","True"
"516","btc","5m","0.92999969","2.863958","3.064515","0.20055700000000032","1","True"
"517","btc","5m","0.96","2.97831","3.09375","0.11543999999999999","1","True"
"518","btc","5m","0.7599999889","2.775859","3.592104","0.8162449999999999","1","True"
"519","btc","5m","0.98","2.974138","3.0306","0.056462000000000234","1","True"
"520","btc","5m","0.964999999","7.858497","8.114033","0.2555359999999993","2","True"
"521","btc","5m","0.6381129981","7.769339","11.803961000000001","4.034622000000001","2","True"
"522","btc","5m","0.96540780865","7.905638","8.124946","0.21930799999999984","2","True"
"523","btc","5m","0.544999988","8.109159","0.0","-8.109159","2","False"
"524","btc","5m","0.6","2.86812","0.0","-2.86812","1","False"
"525","btc","5m","0.9699999967","2.976208","3.061833","0.08562499999999984","1","True"
"526","btc","5m","0.8699999772","2.694286","3.068961","0.37467499999999987","1","True"
"527","btc","5m","0.8299999742","2.924386","3.481923","0.557537","1","True"
"528","btc","5m","0.8399999663","3.023475","0.0","-3.023475","1","False"
"529","btc","5m","0.93","2.80367","3.0","0.19633000000000012","1","True"
"530","btc","5m","0.8016420854499999","7.935922","9.712891","1.7769690000000011","2","True"
"531","btc","5m","0.1833333333","1.4536","0.0","-1.4536","1","False"
"532","btc","5m","0.9099999849","4.860416","5.307688","0.4472719999999999","1","True"
"533","btc","5m","0.6599998992","1.474269","0.0","-1.474269","1","False"
"534","btc","5m","0.9499999347","2.920178","3.063156","0.14297800000000027","1","True"
"535","btc","5m","0.8099999577","2.523109","3.074073","0.550964","1","True"
"536","btc","5m","0.24","1.5","0.0","-1.5","1","False"
"537","btc","5m","0.5199999024499999","4.594207","8.886894","4.292687","2","True"
"538","btc","5m","0.84","2.608887","3.071425","0.4625379999999999","1","True"
"539","btc","5m","0.88","2.99494","3.375","0.38005999999999984","1","True"
"540","btc","5m","0.96","2.94823","3.0625","0.11426999999999987","1","True"
"541","btc","5m","0.97","2.91611","3.0","0.0838899999999998","1","True"
"542","btc","5m","0.97","2.946143","3.0309","0.08475699999999975","1","True"
"543","btc","5m","0.88999985","2.751018","3.067414","0.3163959999999997","1","True"
"544","btc","5m","0.96","2.91814","3.03125","0.11310999999999982","1","True"
"545","btc","5m","0.5549999861","4.542057","9.25226","4.710203","2","True"
"546","btc","5m","0.52499997805","7.743168000000001","0.0","-7.743168000000001","2","False"
"547","btc","5m","0.34","6.582051","0.0","-6.582051","3","False"
"548","btc","5m","0.6904110891","6.451583","5.1518","-1.2997830000000006","2","True"
"549","btc","5m","0.62","1.27298","0.0","-1.27298","1","False"
"550","btc","5m","0.95","2.920163","3.06314","0.14297700000000013","1","True"
"551","btc","5m","0.97","2.946143","3.0309","0.08475699999999975","1","True"
"552","btc","5m","0.92","2.98662","3.22825","0.24163000000000023","1","True"
"553","btc","5m","0.9399999274","2.861968","3.031913","0.1699449999999998","1","True"
"554","btc","5m","0.9099999902","2.807569","3.065933","0.2583639999999998","1","True"
"555","btc","5m","0.6","4.466340000000001","0.0","-4.466340000000001","2","False"
"556","btc","5m","0.96","2.94823","3.0625","0.11426999999999987","1","True"
"557","btc","5m","0.8399999774","3.003258","3.535712","0.532454","1","True"
"558","btc","5m","0.4549999364","7.5996179999999995","0.0","-7.5996179999999995","4","False"
"559","btc","5m","0.6499999542","2.909568","0.0","-2.909568","1","False"
"560","btc","5m","0.95","2.920163","3.06314","0.14297700000000013","1","True"
"561","btc","5m","0.8","2.91018","3.5875","0.6773199999999999","1","True"
"562","btc","5m","0.7399999808","2.352038","3.121619","0.7695810000000001","1","True"
"563","btc","5m","0.9699998759","2.976228","3.061854","0.08562599999999998","1","True"
"564","btc","5m","0.96","2.94823","3.0625","0.11426999999999987","1","True"
"565","btc","5m","0.96","2.94823","3.0625","0.11426999999999987","1","True"
"566","btc","5m","0.96","2.94823","3.0625","0.11426999999999987","1","True"
"567","btc","5m","0.8199999944","2.977036","3.585361","0.6083249999999998","1","True"
"568","btc","5m","0.7599999359","2.409809","3.11842","0.7086109999999999","1","True"
"569","btc","5m","0.8499996906","2.637398","3.070587","0.43318900000000005","1","True"
"570","btc","5m","0.9299999967","2.833809","3.032257","0.19844799999999996","1","True"
"571","btc","5m","0.96","2.94823","3.0625","0.11426999999999987","1","True"
"572","btc","5m","0.96","2.91814","3.03125","0.11310999999999982","1","True"
"573","btc","5m","0.9049999951000001","6.553596000000001","7.199263","0.6456669999999995","2","True"
"574","btc","5m","0.9299999935","2.863958","3.064514","0.20055600000000018","1","True"
"575","btc","5m","0.95","2.920163","3.06314","0.14297700000000013","1","True"
"576","btc","5m","0.96","2.94823","3.0625","0.11426999999999987","1","True"
"577","btc","5m","0.8899999967","2.751014","3.067409","0.316395","1","True"
"578","btc","5m","0.96","2.91814","3.03125","0.11310999999999982","1","True"
"579","btc","5m","0.96","2.94823","3.0625","0.11426999999999987","1","True"
"580","btc","5m","0.75","2.35042","3.08","0.7295799999999999","1","True"
"581","btc","5m","0.909999997","3.008827","3.285711","0.2768839999999999","1","True"
"582","btc","5m","0.98","2.94411","3.0","0.05589000000000022","1","True"
"583","btc","5m","0.98","4.9569","5.051","0.09410000000000007","2","True"
"584","btc","5m","0.98","4.9569","5.051","0.09410000000000007","2","True"
"585","btc","5m","0.8799999870999999","4.588198","5.170441","0.5822430000000001","2","True"
"586","btc","5m","0.7199999912","8.334605","0.0","-8.334605","3","False"
"587","btc","5m","0.9433333322333334","6.7947880000000005","7.147833","0.35304499999999983","3","True"
"588","btc","5m","0.7966666369","9.892195999999998","2.0","-7.892195999999998","3","True"
"589","btc","5m","0.852499970275","10.903164","7.620032","-3.283132","4","True"
"590","btc","5m","0.9599998683000001","6.868418","7.1247620000000005","0.25634400000000035","3","True"
"591","btc","5m","0.74","2.036378","2.7027","0.6663220000000001","2","True"
"592","btc","5m","0.7666666359333334","4.047506","2.5487","-1.498806","3","True"
"593","btc","5m","0.7849999105000001","2.698854","0.0","-2.698854","2","False"
"594","eth","5m","0.67","1.02821","1.5","0.47178999999999993","1","True"
"595","eth","5m","0.74","1.02471","0.0","-1.02471","1","False"
"596","btc","5m","0.7899999921","1.014687","1.265819","0.25113200000000013","1","True"
"597","btc","5m","0.219999928","2.1091889999999998","0.0","-2.1091889999999998","2","False"
"598","btc","5m","0.15000000000000002","2.949902","0.0","-2.949902","4","False"
"599","eth","5m","0.7","1.02202","0.0","-1.02202","1","False"
"600","eth","5m","0.67","1.02821","0.0","-1.02821","1","False"
"601","btc","5m","0.77499943255","2.031496","2.5816090000000003","0.5501130000000001","2","True"
"602","eth","5m","0.77","1.01711","1.3","0.2828900000000001","1","True"
"603","btc","5m","0.33999983","2.092378","0.0","-2.092378","2","False"
"604","btc","5m","0.78","1.015389","1.28205","0.2666609999999998","1","True"
"605","btc","5m","0.5","1.035","0.0","-1.035","1","False"
"606","eth","5m","0.7","1.00772","1.41","0.40227999999999997","1","True"
"607","btc","5m","0.5888561833","2.057546","3.8450480000000002","1.7875020000000004","2","True"
"608","btc","5m","0.77","1.016089","1.2987","0.28261099999999995","1","True"
"609","eth","5m","0.58","1.03289","1.73","0.6971099999999999","1","True"
"610","eth","5m","0.83","1.01625","1.21","0.19374999999999987","1","True"
"611","eth","5m","0.76","1.02005","1.32","0.29995000000000016","1","True"
"612","btc","5m","0.78","1.015389","1.28205","0.2666609999999998","1","True"
"613","btc","5m","0.75","1.017489","1.333332","0.3158429999999999","1","True"
"614","eth","5m","0.82","1.013","1.22","0.20700000000000007","1","True"
"615","btc","5m","0.78","1.015389","1.28205","0.2666609999999998","1","True"
"616","eth","5m","0.82","1.013","1.22","0.20700000000000007","1","True"
"617","btc","5m","0.2","1.0","5.0","4.0","1","True"
"618","eth","5m","0.31","1.04966","3.23","2.18034","1","True"
"619","btc","5m","0.77","1.016089","1.2987","0.28261099999999995","1","True"
"620","eth","5m","0.69","1.02221","0.0","-1.02221","1","False"
"621","eth","5m","0.44","1.01966","0.0","-1.01966","1","False"
"622","btc","5m","0.5099998703999999","2.068578","4.479576","2.4109979999999998","2","True"
"623","btc","5m","0.719999856","1.019587","1.388885","0.3692979999999999","1","True"
"624","btc","5m","0.18","0.99","0.0","-0.99","1","False"
"625","btc","5m","0.7599999088","1.016788","1.315787","0.298999","1","True"
"626","eth","5m","0.81","1.01775","1.24","0.22225000000000006","1","True"
"627","btc","5m","0.4799998272","1.036389","0.0","-1.036389","1","False"
"628","eth","5m","0.6","1.03005","0.0","-1.03005","1","False"
"629","eth","5m","0.81","1.01775","1.24","0.22225000000000006","1","True"
"630","btc","5m","0.78","1.015389","1.28205","0.2666609999999998","1","True"
"631","eth","5m","0.69","1.02221","1.45","0.4277899999999999","1","True"
"632","btc","5m","0.32999993413333334","3.056358","0.0","-3.056358","3","False"
"633","btc","5m","0.3799999012","1.043389","0.0","-1.043389","1","False"
"634","eth","5m","0.71","1.02142","0.0","-1.02142","1","False"
"635","btc","5m","0.3699998631","1.044089","2.702701","1.6586119999999998","1","True"
"636","eth","5m","0.79","1.01804","1.27","0.25195999999999996","1","True"
"637","btc","5m","0.78","1.015389","1.28205","0.2666609999999998","1","True"
"638","btc","5m","0.77","1.016089","1.2987","0.28261099999999995","1","True"
"639","eth","5m","0.54","1.03674","1.86","0.8232600000000001","1","True"
"640","btc","5m","0.77","1.016089","1.2987","0.28261099999999995","1","True"
"641","eth","5m","0.82","1.013","1.22","0.20700000000000007","1","True"
"642","eth","5m","0.62","1.03111","1.62","0.5888900000000001","1","True"
"643","eth","5m","0.73","1.019","1.37","0.3510000000000002","1","True"
"644","eth","5m","0.52","1.03732","0.0","-1.03732","1","False"
"645","eth","5m","0.49","0.94393","0.0","-0.94393","1","False"
"646","eth","5m","0.73","0.99668","1.34","0.34332000000000007","1","True"
"647","btc","5m","0.7","1.020989","0.0","-1.020989","1","False"
"648","eth","5m","0.64","1.03012","1.57","0.5398800000000001","1","True"
"649","eth","5m","0.68","1.02894","1.48","0.45106","1","True"
"650","btc","5m","0.7899999921","1.014687","1.265819","0.25113200000000013","1","True"
"651","eth","5m","0.68","1.02894","1.48","0.45106","1","True"
"652","eth","5m","0.81","1.01775","1.24","0.22225000000000006","1","True"
"653","btc","5m","0.78","1.015389","1.28205","0.2666609999999998","1","True"
"654","eth","5m","0.8","1.014","1.25","0.236","1","True"
"655","eth","5m","0.82","1.013","1.22","0.20700000000000007","1","True"
"656","eth","5m","0.59","1.03178","1.7","0.66822","1","True"
"657","eth","5m","0.83","1.01625","1.21","0.19374999999999987","1","True"
"658","btc","5m","0.78","1.015389","1.28205","0.2666609999999998","1","True"
"659","btc","5m","0.77","1.016089","1.2987","0.28261099999999995","1","True"
"660","eth","5m","0.69","1.02221","0.0","-1.02221","1","False"
"661","btc","5m","0.9","3.010918","0.0","-3.010918","1","False"
"662","btc","5m","0.4899999426","3.003519","5.918366","2.914847","1","True"
"663","eth","5m","0.88","3.026","3.41","0.38400000000000034","1","True"
"664","btc","5m","0.8599999736","2.635565","3.034878","0.3993129999999998","1","True"
"665","btc","5m","0.9699999967","2.976208","3.061833","0.08562499999999984","1","True"
"666","btc","5m","0.8799999742","2.752924","0.0","-2.752924","1","False"
"667","btc","5m","0.68","2.913829","4.191175","1.2773460000000005","1","True"
"668","eth","5m","0.63","3.03122","0.0","-3.03122","1","False"
"669","btc","5m","0.7599999889","2.775859","3.592104","0.8162449999999999","1","True"
"670","eth","5m","0.5","3.105","6.0","2.895","1","True"
"671","btc","5m","0.9299999935","2.863958","0.0","-2.863958","1","False"
"672","eth","5m","0.83","3.04035","0.0","-3.04035","1","False"
"673","btc","5m","0.96","2.91814","0.0","-2.91814","1","False"
"674","eth","5m","0.84","3.04088","3.58","0.53912","1","True"
"675","btc","5m","0.9299999935","2.863958","3.064514","0.20055600000000018","1","True"
"676","btc","5m","0.75","3.0525","4.0","0.9474999999999998","1","True"
"677","eth","5m","0.53","3.10396","0.0","-3.10396","1","False"
"678","btc","5m","0.82","2.90616","3.5","0.5938400000000001","1","True"
"679","eth","5m","0.89","3.03136","3.38","0.34864000000000006","1","True"
"680","btc","5m","0.7899999415","1.643806","2.050628","0.406822","1","True"
"681","btc","5m","0.8499999756","1.758255","2.047053","0.2887980000000001","1","True"
"682","btc","5m","0.93","1.889205","2.0215","0.13229500000000005","1","True"
"683","btc","5m","0.8799999811","1.875617","2.113633","0.238016","1","True"
"684","btc","5m","0.67","1.411869","2.0597","0.6478309999999998","1","True"
"685","btc","5m","0.9","1.832728","2.02222","0.189492","1","True"
"686","btc","5m","0.8099999122","1.682066","2.049378","0.36731199999999986","1","True"
"687","btc","5m","0.8099999555","1.661808","2.024689","0.362881","1","True"
"688","btc","5m","0.9699999951","1.984146","2.041233","0.05708700000000011","1","True"
"689","btc","5m","0.9","1.852866","2.04444","0.1915739999999999","1","True"
"690","btc","5m","0.7299999078","2.017417","2.712325","0.6949079999999999","1","True"
"691","btc","5m","0.9699999951","1.984146","2.041233","0.05708700000000011","1","True"
"692","btc","5m","0.96","1.965464","2.04165","0.07618600000000009","1","True"
"693","btc","5m","0.75","1.566939","2.053332","0.4863930000000001","1","True"
"694","btc","5m","0.96","1.965464","2.04165","0.07618600000000009","1","True"
"695","btc","5m","0.8899999804","1.834003","2.044936","0.21093299999999982","1","True"
"696","btc","5m","0.9699999951","1.984146","2.041233","0.05708700000000011","1","True"
"697","eth","5m","0.79","2.03609","2.54","0.5039099999999999","1","True"
"698","eth","5m","0.73","2.038","2.74","0.7020000000000004","1","True"
"699","btc","5m","0.7299999087","2.037789","2.739725","0.7019359999999999","1","True"
"700","eth","5m","0.72","2.04083","2.78","0.7391699999999997","1","True"
"701","eth","5m","0.85","2.02706","2.36","0.3329399999999998","1","True"
"702","btc","5m","0.5799998945","2.038209","0.0","-2.038209","1","False"
"703","btc","5m","0.9099999755","1.871709","0.0","-1.871709","1","False"
"704","btc","5m","0.9299998189","1.909308","2.043009","0.13370100000000007","1","True"
"705","eth","5m","0.55","2.03102","3.58","1.5489800000000002","1","True"
"706","btc","5m","0.8199999393","1.913809","2.304877","0.39106799999999975","1","True"
"707","eth","5m","0.6","2.06011","3.34","1.27989","1","True"
"708","btc","5m","0.96","1.965464","2.04165","0.07618600000000009","1","True"
"709","btc","5m","0.95","1.966833","2.06314","0.09630700000000014","1","True"
"710","eth","5m","0.66","2.02036","2.99","0.9696400000000001","1","True"
"711","eth","5m","0.86","2.02343","2.33","0.30657000000000023","1","True"
"712","btc","5m","0.95","1.946775","2.0421","0.0953250000000001","1","True"
"713","btc","5m","0.9699999951","1.984146","2.041233","0.05708700000000011","1","True"
"714","btc","5m","0.8699999413","1.796189","2.045976","0.24978699999999998","1","True"
"715","eth","5m","0.6","2.06011","3.34","1.27989","1","True"
"716","btc","5m","0.96","1.965464","2.04165","0.07618600000000009","1","True"
"717","btc","5m","0.9199999806","1.910625","2.065212","0.1545869999999998","1","True"
"718","eth","5m","0.79","1.97998","2.47","0.4900200000000001","1","True"
"719","btc","5m","0.7399999611","1.934568","2.567565","0.632997","1","True"
"720","btc","5m","0.96","1.965464","2.04165","0.07618600000000009","1","True"
"721","btc","5m","0.6099998774","1.941588","0.0","-1.941588","1","False"
"722","btc","5m","0.9099999952","1.911959","2.087911","0.1759520000000001","1","True"
"723","btc","5m","0.8","1.66296","0.0","-1.66296","1","False"
"724","eth","5m","0.55","1.95727","0.0","-1.95727","1","False"
"725","btc","5m","0.95","1.946775","2.0421","0.0953250000000001","1","True"
"726","btc","5m","0.71","4.97","0.0","-4.97","2","False"
"727","btc","5m","0.85","0.3545400000000001","0.7999999999999998","0.44545999999999975","2","True"
"728","btc","5m","0.71","4.97","0.0","-4.97","2","False"
"729","btc","5m","0.9","0.06674000000000024","0.4400000000000004","0.37326000000000015","2","True"
"730","btc","5m","0.96","1.965464","2.04165","0.07618600000000009","1","True"
"731","eth","5m","0.81","2.00268","2.44","0.43732000000000015","1","True"
"732","eth","5m","0.81","2.0273","2.47","0.4427000000000003","1","True"
"733","eth","5m","0.81","2.0273","2.47","0.4427000000000003","1","True"
"734","btc","5m","0.7899999289","2.029387","2.531642","0.5022550000000003","1","True"
"735","eth","5m","0.83","2.0241","0.0","-2.0241","1","False"
"736","btc","5m","0.5599999114","1.824509","0.0","-1.824509","1","False"
"737","eth","5m","0.84","2.03008","2.39","0.35992000000000024","1","True"
"738","btc","5m","0.98","1.982762","2.0204","0.03763800000000006","1","True"
"739","btc","5m","0.96","1.98554","2.0625","0.07695999999999992","1","True"
"740","eth","5m","0.89","2.01791","2.25","0.2320899999999999","1","True"
"741","btc","5m","0.7","2.021569","2.82857","0.8070010000000001","1","True"
"742","btc","5m","0.9699999951","1.984146","2.041233","0.05708700000000011","1","True"
"743","btc","5m","0.9699999951","1.984146","2.041233","0.05708700000000011","1","True"
"744","eth","5m","0.66","2.05415","0.0","-2.05415","1","False"
"745","btc","5m","0.89","1.22868","1.37","0.1413200000000001","1","True"
"746","eth","5m","0.87","2.01042","2.29","0.27958000000000016","1","True"
"747","btc","5m","0.5899999097","1.882518","3.101692","1.219174","1","True"
"748","eth","5m","0.89","2.01791","2.25","0.2320899999999999","1","True"
"749","eth","5m","0.89","2.01791","0.0","-2.01791","1","False"
"750","btc","5m","0.95","1.946775","2.0421","0.0953250000000001","1","True"
"751","btc","5m","0.95","1.946775","2.0421","0.0953250000000001","1","True"
"752","btc","5m","0.9199999806","1.910625","2.065212","0.1545869999999998","1","True"
"753","eth","5m","0.89","2.01791","2.25","0.2320899999999999","1","True"
"754","btc","5m","0.93","1.90929","2.043","0.13371000000000022","1","True"
"755","eth","5m","0.68","2.01617","2.9","0.8838300000000001","1","True"
"756","btc","5m","0.98","1.96274","2.0","0.03726000000000007","1","True"
"757","btc","5m","0.96","1.965464","2.04165","0.07618600000000009","1","True"
"758","eth","5m","0.86","2.02343","2.33","0.30657000000000023","1","True"
"759","eth","5m","0.85","1.93258","2.25","0.31742000000000004","1","True"
"760","eth","5m","0.79","2.03609","2.54","0.5039099999999999","1","True"
"761","btc","5m","0.16","0.84704","0.0","-0.84704","1","False"
"762","eth","5m","0.61","2.05542","3.28","1.22458","1","True"
"763","eth","5m","0.55","1.01551","0.0","-1.01551","1","False"
"764","eth","5m","0.54","2.0679","0.0","-2.0679","1","False"
"765","btc","5m","0.9699995493","1.984148","2.041236","0.05708800000000003","1","True"
"766","eth","5m","0.89","2.01791","2.25","0.2320899999999999","1","True"
"767","btc","5m","0.68","2.003898","0.0","-2.003898","1","False"
"768","btc","5m","0.8299999423","1.892249","2.253011","0.3607619999999998","1","True"
"769","btc","5m","0.86","1.757045","2.02325","0.266205","1","True"
"770","btc","5m","0.96","1.965464","2.04165","0.07618600000000009","1","True"
"771","btc","5m","0.4399999615","1.901729","0.0","-1.901729","1","False"
"772","btc","5m","0.8199999393","1.913809","2.304877","0.39106799999999975","1","True"
"773","eth","5m","0.85","2.02706","2.36","0.3329399999999998","1","True"
"774","btc","5m","0.9299999812","1.989696","2.129028","0.139332","1","True"
"775","eth","5m","0.44","1.98445","4.34","2.35555","1","True"
"776","btc","5m","0.5599998896","1.463729","0.0","-1.463729","1","False"
"777","btc","5m","0.76","1.93192","2.5","0.5680799999999999","1","True"
"778","btc","5m","0.9299996438","1.889208","2.021504","0.1322960000000002","1","True"
"779","btc","5m","0.95","1.98691","2.0842","0.0972900000000001","1","True"
"780","btc","5m","0.7","2.021569","2.82857","0.8070010000000001","1","True"
"781","eth","5m","0.83","2.0073","2.39","0.38270000000000026","1","True"
"782","btc","5m","0.8299996443","1.912488","2.277107","0.364619","1","True"
"783","btc","5m","0.48","1.58569","0.0","-1.58569","1","False"
"784","btc","5m","0.8199999752","2.004939","2.414633","0.409694","1","True"
"785","btc","5m","0.7599999532","1.982748","2.565787","0.5830389999999999","1","True"
"786","btc","5m","0.88","1.99663","2.25","0.2533700000000001","1","True"
"787","btc","5m","0.21166667211666668","3.96373","2.041233","-1.922497","6","True"
"788","btc","5m","0.92","1.890517","2.043475","0.15295799999999993","1","True"
"789","eth","5m","0.58","2.05982","3.45","1.39018","1","True"
"790","btc","5m","0.97","1.94407","2.0","0.055930000000000035","1","True"
"791","btc","5m","0.9099999755","1.871709","2.043955","0.1722459999999999","1","True"
"792","eth","5m","0.42","2.08036","4.76","2.6796399999999996","1","True"
"793","btc","5m","0.98","1.982762","2.0204","0.03763800000000006","1","True"
"794","btc","5m","0.93","1.90929","2.043","0.13371000000000022","1","True"
"795","eth","5m","0.63","1.87431","2.9","1.02569","1","True"
"796","btc","5m","0.8141913729","1.661328","2.014266","0.3529380000000002","1","True"
"797","btc","5m","0.88","1.99663","2.25","0.2533700000000001","1","True"
"798","eth","5m","0.89","2.01791","2.25","0.2320899999999999","1","True"
"799","btc","5m","0.88","1.794948","2.022725","0.2277769999999999","1","True"
"800","btc","5m","0.8399999641","1.890937","2.226187","0.3352499999999998","1","True"
"801","eth","5m","0.71","2.01386","0.0","-2.01386","1","False"
"802","eth","5m","0.73","1.62891","2.19","0.5610899999999999","1","True"
"803","eth","5m","0.69","2.01622","2.86","0.8437799999999998","1","True"
"804","btc","5m","0.95","1.98691","2.0842","0.0972900000000001","1","True"
"805","btc","5m","0.96","1.965464","2.04165","0.07618600000000009","1","True"
"806","btc","5m","0.9699999951","1.984146","2.041233","0.05708700000000011","1","True"
"807","btc","5m","0.9699999951","1.984146","2.041233","0.05708700000000011","1","True"
"808","eth","5m","0.83","2.0241","2.41","0.38590000000000035","1","True"
"809","btc","5m","0.9","0.71597","0.79","0.07403000000000004","1","True"
"810","eth","5m","0.87","1.97531","2.25","0.2746900000000001","1","True"
"811","btc","5m","0.9399999806","1.948127","2.063816","0.11568900000000015","1","True"
"812","eth","5m","0.89","2.01791","0.0","-2.01791","1","False"
"813","btc","5m","0.9","1.852866","2.04444","0.1915739999999999","1","True"
"814","btc","5m","0.9299999812","1.989696","2.129028","0.139332","1","True"
"815","eth","5m","0.85","2.02706","2.36","0.3329399999999998","1","True"
"816","eth","5m","0.87","2.01042","2.29","0.27958000000000016","1","True"
"817","btc","5m","0.68","2.003898","2.88235","0.8784520000000002","1","True"
"818","btc","5m","0.7799999485","3.888308","5.203387","1.3150790000000003","2","True"
"819","eth","5m","0.77","2.03423","2.6","0.5657700000000001","1","True"
"820","eth","5m","0.68","2.05093","2.95","0.89907","1","True"
"821","btc","5m","0.8899999804","1.834003","2.044936","0.21093299999999982","1","True"
"822","eth","5m","0.58","2.05982","3.45","1.39018","1","True"
"823","eth","5m","0.74","2.04189","2.71","0.66811","1","True"
"824","eth","5m","0.44","2.08047","0.0","-2.08047","1","False"
"825","btc","5m","0.95","1.946775","2.0421","0.0953250000000001","1","True"
"826","btc","5m","0.96","1.965464","2.04165","0.07618600000000009","1","True"
"827","eth","5m","0.81","2.00268","2.44","0.43732000000000015","1","True"
"828","eth","5m","0.63","2.05528","3.18","1.12472","1","True"
"829","btc","5m","0.95","1.946775","2.0421","0.0953250000000001","1","True"
"830","btc","5m","0.9699999951","1.984146","0.0","-1.984146","1","False"
"831","eth","5m","0.74","2.04189","0.0","-2.04189","1","False"
"832","eth","5m","0.88","2.01437","2.27","0.25563","1","True"
"833","btc","5m","0.96","1.965464","2.04165","0.07618600000000009","1","True"
"834","eth","5m","0.54","2.0679","0.0","-2.0679","1","False"
"835","btc","5m","0.8","1.91646","2.3625","0.44603999999999977","1","True"
"836","btc","5m","0.67","1.411869","0.0","-1.411869","1","False"
"837","btc","5m","0.9699997575","1.964108","2.020617","0.05650900000000014","1","True"
"838","eth","5m","0.8","2.028","2.5","0.472","1","True"
"839","eth","5m","0.86","1.97133","2.27","0.29867","1","True"
"840","btc","5m","0.9699999951","1.984146","2.041233","0.05708700000000011","1","True"
"841","btc","5m","0.9699995493","1.984148","2.041236","0.05708800000000003","1","True"
"842","btc","5m","0.8799999813","1.895785","2.136358","0.24057299999999993","1","True"
"843","btc","5m","0.316","3.84516","2.2","-1.6451599999999997","5","True"
"844","eth","5m","0.62","1.65487","0.0","-1.65487","1","False"
"845","btc","5m","0.8499999756","1.758255","0.0","-1.758255","1","False"
"846","eth","5m","0.58","2.05982","3.45","1.39018","1","True"
"847","btc","5m","0.96","1.98554","2.0625","0.07695999999999992","1","True"
"848","btc","5m","0.7699999074","1.605429","2.051947","0.4465180000000002","1","True"
"849","eth","5m","0.61","1.76716","2.82","1.0528399999999998","1","True"
"850","btc","5m","0.9699999951","1.984146","2.041233","0.05708700000000011","1","True"
"851","btc","5m","0.9699999951","1.984146","2.041233","0.05708700000000011","1","True"
"852","btc","5m","0.8699999692","1.998009","2.275861","0.277852","1","True"
"853","btc","5m","0.95","1.946775","0.0","-1.946775","1","False"
"854","btc","5m","0.96","1.98554","2.0625","0.07695999999999992","1","True"
"855","btc","5m","0.98","1.982762","2.0204","0.03763800000000006","1","True"
"856","eth","5m","0.83","1.92331","2.29","0.36668999999999996","1","True"
"857","btc","5m","0.96","1.965464","2.04165","0.07618600000000009","1","True"
"858","btc","5m","0.93","1.90929","2.043","0.13371000000000022","1","True"
"859","eth","5m","0.81","2.0273","0.0","-2.0273","1","False"
"860","btc","5m","0.95","1.966833","0.0","-1.966833","1","False"
"861","btc","5m","0.74","1.88367","2.5","0.61633","1","True"
"862","eth","5m","0.88","2.01437","2.27","0.25563","1","True"
"863","btc","5m","0.96","1.945422","2.020825","0.07540299999999989","1","True"
"864","btc","5m","0.64","2.02989","3.09375","1.06386","1","True"
"865","eth","5m","0.86","2.02343","2.33","0.30657000000000023","1","True"
"866","eth","5m","0.82","2.0011","0.0","-2.0011","1","False"
"867","btc","5m","0.21000000000000002","2.11197","0.0","-2.11197","2","False"
"868","eth","5m","0.89","2.01791","2.25","0.2320899999999999","1","True"
"869","eth","5m","0.89","2.01791","2.25","0.2320899999999999","1","True"
"870","eth","5m","0.89","2.01791","2.25","0.2320899999999999","1","True"
"871","btc","5m","0.8899999569","1.874314","2.089881","0.21556700000000006","1","True"
"872","btc","5m","0.95","1.90665","2.0","0.09335000000000004","1","True"
"873","eth","5m","0.73","2.038","2.74","0.7020000000000004","1","True"
"874","btc","5m","0.9699999951","1.984146","2.041233","0.05708700000000011","1","True"
"875","eth","5m","0.5","2.07","4.0","1.9300000000000002","1","True"
"876","btc","5m","0.9199999806","1.910625","2.065212","0.1545869999999998","1","True"
"877","eth","5m","0.7","2.04404","2.86","0.81596","1","True"
"878","eth","5m","0.86","2.02343","2.33","0.30657000000000023","1","True"
"879","btc","5m","0.50499987575","2.9891880000000004","0.0","-2.9891880000000004","2","False"
"880","btc","5m","0.9299998189","1.909308","2.043009","0.13370100000000007","1","True"
"881","btc","5m","0.95","1.90665","2.0","0.09335000000000004","1","True"
"882","eth","5m","0.67","2.04957","2.99","0.9404300000000001","1","True"
"883","eth","5m","0.84","2.03008","2.39","0.35992000000000024","1","True"
"884","btc","5m","0.8199999752","2.004939","0.0","-2.004939","1","False"
"885","eth","5m","0.31","2.0026","0.0","-2.0026","3","False"
"886","btc","5m","0.8499996497","1.839108","2.141175","0.3020670000000001","1","True"
"887","btc","5m","0.8899999804","1.834003","2.044936","0.21093299999999982","1","True"
"888","btc","5m","0.93","1.90929","2.043","0.13371000000000022","1","True"
"889","btc","5m","0.9499996082","1.946788","2.042104","0.09531600000000018","1","True"
"890","btc","5m","0.8699999692","1.998009","2.275861","0.277852","1","True"
"891","btc","5m","0.8199999393","1.913809","2.304877","0.39106799999999975","1","True"
"892","btc","5m","0.9699999951","1.984146","2.041233","0.05708700000000011","1","True"
"893","btc","5m","0.7399999039","1.568019","0.0","-1.568019","1","False"
"894","eth","5m","0.89","2.01791","2.25","0.2320899999999999","1","True"
"895","eth","5m","0.88","2.01437","2.27","0.25563","1","True"
"896","eth","5m","0.74","2.01175","2.67","0.6582499999999998","1","True"
"897","btc","5m","0.7899999289","2.029387","2.531642","0.5022550000000003","1","True"
"898","btc","5m","0.8299999341","1.912487","0.0","-1.912487","1","False"
"899","btc","5m","0.7599999259","1.667547","0.0","-1.667547","1","False"
"900","btc","5m","0.7899999415","1.643806","2.050628","0.406822","1","True"
"901","btc","5m","0.96","1.945422","2.020825","0.07540299999999989","1","True"
"902","eth","5m","0.62","2.05586","3.23","1.17414","1","True"
"903","eth","5m","0.86","2.02343","2.33","0.30657000000000023","1","True"
"904","btc","5m","0.7599999038","1.606538","2.078945","0.472407","1","True"
"905","btc","5m","0.8299999423","1.892249","2.253011","0.3607619999999998","1","True"
"906","btc","5m","0.6799999425","1.451799","0.0","-1.451799","1","False"
"907","btc","5m","0.9699999951","1.984146","2.041233","0.05708700000000011","1","True"
"908","btc","5m","0.97","1.964092","0.0","-1.964092","1","False"
"909","btc","5m","0.99","1.98138","2.0","0.01862000000000008","1","True"
"910","btc","5m","0.99","1.98138","2.0","0.01862000000000008","1","True"
"911","btc","5m","0.7899999331","1.917779","0.0","-1.917779","1","False"
"912","eth","5m","0.63","2.05528","3.18","1.12472","1","True"
"913","btc","5m","0.7899999921","1.014687","1.265819","0.25113200000000013","1","True"
"914","eth","5m","0.57","5.06716","8.63","3.5628400000000005","1","True"
"915","eth","5m","0.41","4.44864","0.0","-4.44864","1","False"
"916","btc","5m","0.75","1.017489","1.333332","0.3158429999999999","1","True"
"917","eth","5m","0.57","5.06716","0.0","-5.06716","1","False"
"918","eth","5m","0.73","5.0005","0.0","-5.0005","1","False"
"919","eth","5m","0.83","4.7789","5.69","0.9111000000000002","1","True"
"920","eth","5m","0.85","5.05906","5.89","0.83094","1","True"
"921","btc","5m","0.78","1.015389","1.28205","0.2666609999999998","1","True"
"922","eth","5m","0.81","4.83435","5.89","1.05565","1","True"
"923","btc","5m","0.78","1.0153889999999999","1.28205","0.26666100000000004","1","True"
"924","eth","5m","0.74","4.95781","6.58","1.6221899999999998","1","True"
"925","eth","5m","0.51","4.88458","0.0","-4.88458","1","False"
"926","eth","5m","0.85","5.05906","5.89","0.83094","1","True"
"927","btc","5m","0.25","1.0525","0.0","-1.0525","1","False"
"928","eth","5m","0.68","5.0048","0.0","-5.0048","1","False"
"929","eth","5m","0.88","5.04926","5.69","0.6407400000000001","1","True"
"930","eth","5m","0.83","5.06445","6.03","0.9655500000000004","1","True"
"931","btc","5m","0.2","2.0","10.0","8.0","2","True"
"932","eth","5m","0.77","5.08558","6.5","1.4144199999999998","1","True"
"933","eth","5m","0.72","5.102069999999999","6.95","1.8479300000000007","1","True"
"934","eth","5m","0.74","5.093439999999999","6.76","1.6665600000000005","1","True"
"935","eth","5m","0.65","5.12762","7.7","2.57238","1","True"
"936","eth","5m","0.71","4.89703","6.76","1.8629699999999998","1","True"
"937","eth","5m","0.81","5.072369999999999","6.18","1.1076300000000003","1","True"
"938","btc","5m","0.14","0.98","0.0","-0.98","1","False"
"939","eth","5m","0.76","4.8916200000000005","6.33","1.4383799999999995","1","True"
"940","eth","5m","0.7424012158054711","4.9730799999999995","6.58","1.6069200000000006","1","True"
"941","eth","5m","0.68","5.1169","7.36","2.2431","1","True"
"942","eth","5m","0.52","5.165100000000001","9.61","4.444899999999999","1","True"
"943","eth","5m","0.83","5.0049","6.03","1.0251000000000001","2","True"
"944","btc","5m","0.78","1.0153889999999999","0.0","-1.0153889999999999","1","False"
"945","eth","5m","0.7","5.1101","7.15","2.0399000000000003","1","True"
"946","eth","5m","0.85","5.05906","0.0","-5.05906","1","False"
"947","btc","5m","0.1","1.0","10.0","9.0","1","True"
"948","eth","5m","0.84","4.94355","0.0","-4.94355","1","False"
"949","btc","5m","0.4","1.042","0.0","-1.042","1","False"
"950","btc","5m","0.4749998524998995","2.0734779999999997","0.0","-2.0734779999999997","2","False"
"951","btc","5m","0.19","0.95","0.0","-0.95","1","False"
"952","btc","5m","0.47499979464988684","2.073478","0.0","-2.073478","2","False"
"953","btc","5m","0.3549998416999264","2.0902779999999996","5.661879","3.5716010000000002","2","True"
"954","eth","5m","0.87","5.04802","5.75","0.7019799999999998","1","True"
"955","eth","5m","0.53","5.0032","9.44","4.4368","2","True"
"956","eth","5m","0.75","5.09004","0.0","-5.09004","1","False"
"957","eth","5m","0.6","5.1441099999999995","8.34","3.1958900000000003","1","True"
"958","eth","5m","0.71","5.10711","0.0","-5.10711","1","False"
"959","btc","5m","0.7299998101998596","1.018889","1.369862","0.350973","1","True"
"960","eth","5m","0.84","5.06247","5.96","0.8975299999999997","1","True"
"961","eth","5m","0.73","5.0005","0.0","-5.0005","1","False"
"962","eth","5m","0.88","5.04926","5.69","0.6407400000000001","1","True"
"963","eth","5m","0.86","5.054250000000001","5.82","0.7657499999999997","1","True"
"964","eth","5m","0.82","5.06502","0.0","-5.06502","1","False"
"965","eth","5m","0.54","5.0004","0.0","-5.0004","1","False"
"966","btc","5m","0.78","1.0153889999999999","1.28205","0.26666100000000004","1","True"
"967","btc","5m","0.77","1.016089","1.2987","0.28261099999999995","1","True"
"968","btc","5m","0.7599999087998286","1.016788","1.315787","0.298999","1","True"
"969","eth","5m","0.79","5.0007","6.33","1.3293","1","True"
"970","eth","5m","0.86","4.94135","5.69","0.7486500000000005","1","True"
"971","eth","5m","0.6","5.004","0.0","-5.004","1","False"
"972","eth","5m","0.53","4.98167","0.0","-4.98167","1","False"
"973","btc","5m","0.78","1.0153889999999999","1.28205","0.26666100000000004","1","True"
"974","eth","5m","0.53","5.1678","0.0","-5.1678","1","False"
"975","eth","5m","0.55","3.92021","0.0","-3.92021","1","False"
"976","btc","5m","0.5","1.035","2.0","0.9650000000000001","1","True"
"977","btc","5m","0.47999982719988943","2.072778","0.0","-2.072778","2","False"
"978","btc","5m","0.7899999920999764","1.0146870000000001","1.265819","0.2511319999999999","1","True"
"979","btc","5m","0.39999986239991225","2.083978","0.0","-2.083978","2","False"
"980","btc","5m","0.75","1.0174889999999999","1.333332","0.3158430000000001","1","True"
"981","btc","5m","0.4699998777999096","1.037089","2.127658","1.090569","1","True"
"982","btc","5m","0.4099998236998995","1.041289","0.0","-1.041289","1","False"
"983","btc","5m","0.13","0.91","0.0","-0.91","1","False"
"984","btc","5m","0.27","0.9932799999999999","0.0","-0.9932799999999999","1","False"
"985","btc","5m","0.78","1.0153889999999999","1.28205","0.26666100000000004","1","True"
"986","btc","5m","0.47999982719988943","1.036389","0.0","-1.036389","1","False"
"987","btc","5m","0.33999991424994425","1.985689","7.040815","5.0551260000000005","2","True"
"988","btc","5m","0.78","1.0153889999999999","0.0","-1.0153889999999999","1","False"
"989","btc","5m","0.7899999920999764","1.0146870000000001","1.265819","0.2511319999999999","1","True"
"990","btc","5m","0.47999982719988943","1.036389","0.0","-1.036389","1","False"
"991","btc","5m","0.78","1.0153889999999999","1.28205","0.26666100000000004","1","True"
"992","btc","5m","0.36999986309991373","1.044089","2.702701","1.6586119999999998","1","True"
"993","btc","5m","0.2","1.0","0.0","-1.0","2","False"
"994","btc","5m","0.4599997607998852","1.037789","2.173912","1.136123","1","True"
"995","btc","5m","0.384999874549917","2.0860779999999997","0.0","-2.0860779999999997","2","False"
"996","eth","5m","0.64","1.03012","0.0","-1.03012","1","False"
"997","eth","5m","0.83","1.0162499999999999","1.21","0.1937500000000001","1","True"
"998","eth","5m","0.82","1.013","0.0","-1.013","1","False"
"999","btc","5m","0.18","0.99","0.0","-0.99","1","False"
"1000","eth","5m","0.77","1.01711","1.3","0.2828900000000001","1","True"
"1001","eth","5m","0.66","1.0270700000000001","0.0","-1.0270700000000001","1","False"
"1002","btc","5m","0.1","1.0","0.0","-1.0","2","False"
"1003","eth","5m","0.67","1.0145","0.0","-1.0145","1","False"
"1004","eth","5m","0.64","0.98419","1.5","0.51581","1","True"
"1005","eth","5m","0.66","1.0270700000000001","1.52","0.49292999999999987","1","True"
"1006","eth","5m","0.76","0.94277","1.22","0.27723","1","True"
"1007","btc","5m","0.8","1.014","1.25","0.236","1","True"
"1008","eth","5m","0.84","0.9938","1.17","0.1761999999999999","1","True"
"1009","btc","5m","0.27","0.9932799999999999","0.0","-0.9932799999999999","1","False"
"1010","eth","5m","0.56","0.91782","0.0","-0.91782","1","False"
"1011","btc","5m","0.78","1.0153889999999999","1.28205","0.26666100000000004","1","True"
"1012","eth","5m","0.79","1.01804","0.0","-1.01804","1","False"
"1013","btc","5m","0.78","1.0153889999999999","1.28205","0.26666100000000004","1","True"
"1014","eth","5m","0.72","1.0204099999999998","1.39","0.3695900000000001","1","True"
"1015","eth","5m","0.43","1.04187","2.33","1.28813","1","True"
"1016","eth","5m","0.5","1.035","2.0","0.9650000000000001","1","True"
"1017","eth","5m","0.54","1.03674","1.86","0.8232600000000001","1","True"
"1018","eth","5m","0.57","1.03339","0.0","-1.03339","1","False"
"1019","eth","5m","0.76","1.0200500000000001","1.32","0.29994999999999994","1","True"
"1020","eth","5m","0.76","1.0200500000000001","0.0","-1.0200500000000001","1","False"
"1021","eth","5m","0.85","1.0135299999999998","0.0","-1.0135299999999998","1","False"
"1022","btc","5m","0.78","1.0153889999999999","1.28205","0.26666100000000004","1","True"
"1023","btc","5m","0.63","1.29263","2.0","0.70737","1","True"
"1024","eth","5m","0.61","1.02771","1.64","0.61229","1","True"
"1025","eth","5m","0.7","1.02202","1.43","0.40798","1","True"
"1026","btc","5m","0.17193308550185873","1.56578","0.0","-1.56578","1","False"
"1027","eth","5m","0.82","1.013","1.22","0.20700000000000007","1","True"
"1028","eth","5m","0.84","1.01928","1.2","0.18072","1","True"
"1029","eth","5m","0.52","1.03732","1.93","0.8926799999999999","1","True"
"1030","eth","5m","0.76","0.99687","1.29","0.29313","1","True"
"1031","eth","5m","0.63","1.02764","1.59","0.56236","1","True"
"1032","btc","5m","0.3399998210525688","1.192659","3.35294","2.160281","1","True"
"1033","eth","5m","0.86","1.01606","1.17","0.15393999999999997","1","True"
"1034","btc","5m","0.6340926754944571","1.435848","2.207876","0.7720280000000002","1","True"
"1035","eth","5m","0.79","0.9459000000000001","0.0","-0.9459000000000001","1","False"
"1036","eth","5m","0.75","1.0225799999999998","1.34","0.31742000000000026","1","True"
"1037","btc","5m","0.46","1.4321599999999999","0.0","-1.4321599999999999","1","False"
"1038","eth","5m","0.79","1.01804","1.27","0.25195999999999996","1","True"
"1039","btc","5m","0.55","1.1346500000000002","2.0","0.8653499999999998","1","True"
"1040","eth","5m","0.82","1.013","0.0","-1.013","1","False"
"1041","eth","5m","0.73","1.019","0.0","-1.019","1","False"
"1042","btc","5m","0.4599997607998852","1.037789","2.173912","1.136123","1","True"
"1043","btc","5m","0.2","1.0","0.0","-1.0","1","False"
"1044","eth","5m","0.82","1.013","1.22","0.20700000000000007","1","True"
"1045","btc","5m","0.35999987039991704","1.044789","0.0","-1.044789","1","False"
"1046","btc","5m","0.11","0.73033","0.0","-0.73033","1","False"
"1047","btc","5m","0.3799999011999269","1.043389","0.0","-1.043389","1","False"
"1048","eth","5m","0.64","0.99731","1.52","0.52269","1","True"
"1049","btc","5m","0.7599999087998286","1.016788","1.315787","0.298999","1","True"
"1050","btc","5m","0.63","1.025889","1.5873","0.5614109999999999","1","True"
"1051","btc","5m","0.47999982719988943","1.036389","0.0","-1.036389","1","False"
"1052","eth","5m","0.73","1.019","1.37","0.3510000000000002","1","True"
"1053","eth","5m","0.55","0.99849","1.76","0.76151","1","True"
"1054","btc","5m","0.2","1.0","5.0","4.0","2","True"
"1055","btc","5m","0.22","0.92804","0.0","-0.92804","1","False"
"1056","eth","5m","0.75","1.0225799999999998","1.34","0.31742000000000026","1","True"
"1057","btc","5m","0.5","1.035","2.0","0.9650000000000001","1","True"
"1058","btc","5m","0.4","2.50074","0.0","-2.50074","2","False"
"1059","eth","5m","0.755","2.55233","3.36","0.8076699999999999","2","True"
"1060","btc","5m","0.5","1.035","2.0","0.9650000000000001","1","True"
"1061","eth","5m","0.46","1.0407","0.0","-1.0407","1","False"
"1062","btc","5m","0.44","1.37174","3.0","1.62826","1","True"
"1063","eth","5m","0.8","1.014","1.25","0.236","1","True"
"1064","btc","5m","0.5","1.035","0.0","-1.035","1","False"
"1065","eth","5m","0.65","1.02552","1.54","0.51448","1","True"
"1066","btc","5m","0.34666660949996286","3.255639","0.0","-3.255639","3","False"
"1067","btc","5m","0.3799999011999269","1.043389","2.631577","1.5881880000000002","1","True"
"1068","eth","5m","0.79","1.01804","1.27","0.25195999999999996","1","True"
"1069","btc","5m","0.64","1.33276","0.0","-1.33276","1","False"
"1070","btc","5m","0.6099999718461335","1.3354789999999999","0.0","-1.3354789999999999","1","False"
"1071","btc","5m","0.42","1.31115","3.0","1.68885","1","True"
"1072","btc","5m","0.5799999762294994","2.511729","0.0","-2.511729","1","False"
"1073","btc","5m","0.6366666666666667","7.87518","12.0625","4.18732","3","True"
"1074","btc","5m","0.4699998821070786","3.5800080000000003","0.0","-3.5800080000000003","2","False"
"1075","btc","5m","0.6199999769230699","5.297299","0.0","-5.297299","2","False"
"1076","btc","5m","0.6406368425461875","2.665399","0.0","-2.665399","1","False"
"1077","btc","5m","0.53","2.18974","4.0","1.81026","1","True"
"1078","btc","5m","0.64","2.66552","0.0","-2.66552","1","False"
"1079","btc","5m","0.62","2.54596","0.0","-2.54596","1","False"
"1080","btc","5m","0.63","2.58526","0.0","-2.58526","1","False"
"1081","btc","5m","0.5666666182291401","3.543139","0.0","-3.543139","3","False"
"1082","btc","5m","0.6299998277342875","1.3131490000000001","2.031745","0.7185959999999998","1","True"
"1083","btc","5m","0.41999988930226895","1.342369","3.071427","1.729058","1","True"
"1084","btc","5m","0.4299999330660166","2.204579","0.0","-2.204579","1","False"
"1085","btc","5m","0.6","2.4672","4.0","1.5328","1","True"
"1086","btc","5m","0.53","2.18974","4.0","1.81026","1","True"
"1087","btc","5m","0.62","3.1824600000000003","5.0","1.8175399999999997","1","True"
"1088","btc","5m","0.609999920230749","2.670969","4.262294","1.5913249999999999","1","True"
"1089","btc","5m","0.65","2.6637","0.0","-2.6637","1","False"
"1090","btc","5m","0.6366666432435834","7.916289000000001","12.126983","4.210693999999998","3","True"
"1091","btc","5m","0.5633333062630138","8.278528999999999","0.0","-8.278528999999999","3","False"
"1092","btc","5m","0.54","2.78694","5.0","2.21306","1","True"
"1093","btc","5m","0.64","2.62451","4.0","1.37549","1","True"
"1094","btc","5m","0.65","2.6637","0.0","-2.6637","1","False"
"1095","btc","5m","0.65","2.6637","0.0","-2.6637","1","False"
"1096","btc","5m","0.6166666321153745","8.420478","0.0","-8.420478","3","False"
"1097","btc","5m","0.64","2.62451","4.0","1.37549","1","True"
"1098","btc","5m","0.64","2.62451","4.0","1.37549","1","True"
"1099","btc","5m","0.5799999815872948","2.594079","4.344826","1.7507470000000005","1","True"
"1100","btc","5m","0.5699999841666609","2.595849","4.421051","1.8252020000000004","1","True"
"1101","btc","5m","0.64","2.66552","4.0625","1.39698","1","True"
"1102","btc","5m","0.65","2.21087","3.32","1.10913","1","True"
"1103","btc","5m","0.57999993708471","3.036718","5.086204","2.0494860000000004","1","True"
"1104","btc","5m","0.6466666666666666","7.007350000000001","0.0","-7.007350000000001","3","False"
"1105","btc","5m","0.45","2.8039500000000004","6.0","3.1960499999999996","1","True"
"1106","btc","5m","0.64","2.66552","4.0625","1.39698","1","True"
"1107","btc","5m","0.65","2.6637","4.0","1.3363","1","True"
"1108","btc","5m","0.65","2.6637","0.0","-2.6637","1","False"
"1109","btc","5m","0.65","2.6637","0.0","-2.6637","1","False"
"1110","btc","5m","0.5499998395832464","1.237789","2.181817","0.9440280000000001","1","True"
"1111","btc","5m","0.5799999419999574","1.235269","2.068964","0.8336949999999999","1","True"
"1112","btc","5m","0.5699998384999112","1.2361090000000001","2.105262","0.8691530000000001","1","True"
"1113","btc","5m","0.5699998384999112","1.2361090000000001","0.0","-1.2361090000000001","1","False"
"1114","btc","5m","0.6","1.2336","2.0","0.7664","1","True"
"1115","btc","5m","0.48","1.5235","0.0","-1.5235","1","False"
"1116","btc","5m","0.389999811499934","1.251229","3.076922","1.8256930000000002","1","True"
"1117","btc","5m","0.389999811499934","1.251229","3.076922","1.8256930000000002","1","True"
"1118","btc","5m","0.37","1.1589500000000001","0.0","-1.1589500000000001","1","False"
"1119","btc","5m","0.38","1.1894699999999998","0.0","-1.1894699999999998","1","False"
"1120","btc","5m","0.3799998441024948","1.220769","3.078946","1.8581770000000002","1","True"
"1121","btc","5m","0.5","1.035","0.0","-1.035","1","False"
"1122","btc","5m","0.4549999258427413","2.927438","0.0","-2.927438","2","False"
"1123","btc","5m","0.4","1.28166","0.0","-1.28166","1","False"
"1124","btc","5m","0.36999980526308957","1.190269","0.0","-1.190269","1","False"
"1125","btc","5m","0.4099998415908503","1.374509","0.0","-1.374509","1","False"
"1126","btc","5m","0.5899998869165941","1.234429","2.033897","0.7994680000000001","1","True"
"1127","btc","5m","0.5599998319999104","1.236949","0.0","-1.236949","1","False"
"1128","eth","5m","0.85","1.00494","1.17","0.16505999999999998","1","True"
"1129","eth","5m","0.75","0.02289","0.03","0.007109999999999998","1","True"
"1130","eth","5m","0.81","1.01775","1.24","0.22225000000000006","1","True"
"1131","eth","5m","0.62","1.03111","1.62","0.5888900000000001","1","True"
"1132","btc","5m","0.5699999901724054","1.194909","2.035086","0.8401770000000002","1","True"
"1133","eth","5m","0.41","1.94254","0.0","-1.94254","1","False"
"1134","eth","5m","0.75","7.12758","0.0","-7.12758","2","False"
"1135","eth","5m","0.79","2.00403","2.5","0.4959699999999998","1","True"
"1136","eth","5m","0.77","1.8934","0.0","-1.8934","2","False"
"1137","eth","5m","0.71","2.04284","0.0","-2.04284","2","False"
